NOMBRE,TOTAL,CADA_100,POBLACION,SEXO
ANTONIO,28849,31.3,ALICANTE,HOMBRE
JOSE,26535,28.8,ALICANTE,HOMBRE
FRANCISCO,23354,25.4,ALICANTE,HOMBRE
MANUEL,19218,20.9,ALICANTE,HOMBRE
JOSE ANTONIO,13145,14.3,ALICANTE,HOMBRE
DAVID,13045,14.2,ALICANTE,HOMBRE
JUAN,12590,13.7,ALICANTE,HOMBRE
ALEJANDRO,10813,11.7,ALICANTE,HOMBRE
VICENTE,10806,11.7,ALICANTE,HOMBRE
JAVIER,10545,11.5,ALICANTE,HOMBRE
DANIEL,10481,11.4,ALICANTE,HOMBRE
CARLOS,9977,10.8,ALICANTE,HOMBRE
MIGUEL,9161,9.9,ALICANTE,HOMBRE
RAFAEL,9112,9.9,ALICANTE,HOMBRE
PEDRO,9062,9.8,ALICANTE,HOMBRE
JOSE MANUEL,8672,9.4,ALICANTE,HOMBRE
JOSE LUIS,8669,9.4,ALICANTE,HOMBRE
FRANCISCO JAVIER,8297,9.1,ALICANTE,HOMBRE
SERGIO,8143,8.8,ALICANTE,HOMBRE
PABLO,7957,8.6,ALICANTE,HOMBRE
JORGE,7895,8.6,ALICANTE,HOMBRE
MIGUEL ANGEL,7640,8.3,ALICANTE,HOMBRE
JESUS,7536,8.2,ALICANTE,HOMBRE
JOAQUIN,7152,7.8,ALICANTE,HOMBRE
LUIS,6951,7.5,ALICANTE,HOMBRE
ANGEL,6742,7.3,ALICANTE,HOMBRE
ADRIAN,6508,7.1,ALICANTE,HOMBRE
JUAN CARLOS,6101,6.6,ALICANTE,HOMBRE
JUAN JOSE,6084,6.6,ALICANTE,HOMBRE
FERNANDO,6071,6.6,ALICANTE,HOMBRE
JOSE MARIA,5939,6.4,ALICANTE,HOMBRE
RAUL,5735,6.2,ALICANTE,HOMBRE
IVAN,5719,6.2,ALICANTE,HOMBRE
FRANCISCO JOSE,5536,6.1,ALICANTE,HOMBRE
JUAN ANTONIO,5331,5.8,ALICANTE,HOMBRE
RUBEN,5182,5.6,ALICANTE,HOMBRE
RAMON,4960,5.4,ALICANTE,HOMBRE
ALVARO,4881,5.3,ALICANTE,HOMBRE
ENRIQUE,4791,5.2,ALICANTE,HOMBRE
ALBERTO,4748,5.2,ALICANTE,HOMBRE
ANDRES,4631,5.1,ALICANTE,HOMBRE
SALVADOR,4108,4.5,ALICANTE,HOMBRE
OSCAR,3963,4.3,ALICANTE,HOMBRE
JAIME,3922,4.3,ALICANTE,HOMBRE
VICTOR,3799,4.1,ALICANTE,HOMBRE
DIEGO,3744,4.1,ALICANTE,HOMBRE
MARIO,3678,4.1,ALICANTE,HOMBRE
ROBERTO,3676,4.2,ALICANTE,HOMBRE
JUAN MANUEL,3471,3.8,ALICANTE,HOMBRE
SANTIAGO,3395,3.7,ALICANTE,HOMBRE
MARIA,23073,24.6,ALICANTE,MUJER
MARIA CARMEN,22143,23.6,ALICANTE,MUJER
JOSEFA,17616,18.8,ALICANTE,MUJER
CARMEN,15293,16.3,ALICANTE,MUJER
MARIA DOLORES,12034,12.8,ALICANTE,MUJER
MARIA TERESA,10359,11.2,ALICANTE,MUJER
FRANCISCA,10035,10.7,ALICANTE,MUJER
ISABEL,9568,10.2,ALICANTE,MUJER
ANTONIA,9286,9.9,ALICANTE,MUJER
MARIA JOSE,9181,9.8,ALICANTE,MUJER
LAURA,8890,9.5,ALICANTE,MUJER
ANA MARIA,8606,9.2,ALICANTE,MUJER
DOLORES,8464,9.3,ALICANTE,MUJER
ANA,8370,8.9,ALICANTE,MUJER
MARIA ANGELES,7790,8.3,ALICANTE,MUJER
CRISTINA,7764,8.3,ALICANTE,MUJER
LUCIA,7538,8.4,ALICANTE,MUJER
MARIA ISABEL,7101,7.6,ALICANTE,MUJER
CONCEPCION,7021,7.5,ALICANTE,MUJER
MARIA PILAR,6827,7.3,ALICANTE,MUJER
ENCARNACION,6511,6.9,ALICANTE,MUJER
TERESA,6100,6.5,ALICANTE,MUJER
ELENA,6098,6.5,ALICANTE,MUJER
PAULA,6093,6.5,ALICANTE,MUJER
RAQUEL,5956,6.4,ALICANTE,MUJER
ROSA MARIA,5528,5.9,ALICANTE,MUJER
MANUELA,5496,5.9,ALICANTE,MUJER
SARA,5198,5.5,ALICANTE,MUJER
ROSARIO,5185,5.5,ALICANTE,MUJER
ANDREA,5033,5.4,ALICANTE,MUJER
MARTA,4812,5.1,ALICANTE,MUJER
MARIA LUISA,4662,5.1,ALICANTE,MUJER
ROSA,4642,5.1,ALICANTE,MUJER
IRENE,4544,4.8,ALICANTE,MUJER
PILAR,4403,4.7,ALICANTE,MUJER
ANGELA,4280,4.6,ALICANTE,MUJER
ALBA,4278,4.6,ALICANTE,MUJER
JUANA,4080,4.4,ALICANTE,MUJER
MARINA,4010,4.3,ALICANTE,MUJER
PATRICIA,3953,4.2,ALICANTE,MUJER
SILVIA,3937,4.2,ALICANTE,MUJER
NATALIA,3864,4.1,ALICANTE,MUJER
MERCEDES,3850,4.1,ALICANTE,MUJER
VERONICA,3845,4.1,ALICANTE,MUJER
JULIA,3742,4.1,ALICANTE,MUJER
BEATRIZ,3735,4.1,ALICANTE,MUJER
ALICIA,3676,3.9,ALICANTE,MUJER
MARIA JESUS,3543,3.84,ALICANTE,MUJER
NURIA,3535,3.8,ALICANTE,MUJER
INMACULADA,3464,3.7,ALICANTE,MUJER
MANUEL,59967,63.2,SEVILLA,HOMBRE
ANTONIO,51883,54.7,SEVILLA,HOMBRE
JOSE,36789,38.8,SEVILLA,HOMBRE
FRANCISCO,32232,34.1,SEVILLA,HOMBRE
FRANCISCO JAVIER,22280,23.5,SEVILLA,HOMBRE
RAFAEL,21640,22.8,SEVILLA,HOMBRE
JOSE MANUEL,21123,22.3,SEVILLA,HOMBRE
JOSE ANTONIO,20725,21.8,SEVILLA,HOMBRE
JUAN,19546,20.6,SEVILLA,HOMBRE
JESUS,15693,16.5,SEVILLA,HOMBRE
DAVID,15473,16.3,SEVILLA,HOMBRE
ALEJANDRO,14813,15.6,SEVILLA,HOMBRE
DANIEL,13798,14.5,SEVILLA,HOMBRE
JOSE LUIS,12474,13.1,SEVILLA,HOMBRE
FERNANDO,11770,12.4,SEVILLA,HOMBRE
JOSE MARIA,11769,12.4,SEVILLA,HOMBRE
MIGUEL,11577,12.2,SEVILLA,HOMBRE
PABLO,11415,12.1,SEVILLA,HOMBRE
MIGUEL ANGEL,11408,12.08,SEVILLA,HOMBRE
JAVIER,11023,11.6,SEVILLA,HOMBRE
ALVARO,11008,11.6,SEVILLA,HOMBRE
CARLOS,10123,10.7,SEVILLA,HOMBRE
JUAN MANUEL,10038,10.6,SEVILLA,HOMBRE
JUAN ANTONIO,9708,10.2,SEVILLA,HOMBRE
FRANCISCO JOSE,8964,9.4,SEVILLA,HOMBRE
JOAQUIN,8490,8.9,SEVILLA,HOMBRE
LUIS,8323,8.8,SEVILLA,HOMBRE
PEDRO,8299,8.7,SEVILLA,HOMBRE
SERGIO,8162,8.6,SEVILLA,HOMBRE
JUAN JOSE,7693,8.1,SEVILLA,HOMBRE
ANGEL,7393,7.8,SEVILLA,HOMBRE
ADRIAN,7139,7.5,SEVILLA,HOMBRE
DIEGO,7029,7.4,SEVILLA,HOMBRE
ENRIQUE,6822,7.2,SEVILLA,HOMBRE
JUAN CARLOS,6754,7.1,SEVILLA,HOMBRE
ALBERTO,6671,7.01,SEVILLA,HOMBRE
RAUL,5959,6.3,SEVILLA,HOMBRE
ANDRES,5341,5.6,SEVILLA,HOMBRE
GONZALO,5279,5.6,SEVILLA,HOMBRE
JORGE,5246,5.5,SEVILLA,HOMBRE
EDUARDO,5213,5.5,SEVILLA,HOMBRE
IVAN,5080,5.4,SEVILLA,HOMBRE
MARIO,4915,5.2,SEVILLA,HOMBRE
RUBEN,4391,4.6,SEVILLA,HOMBRE
IGNACIO,4361,4.6,SEVILLA,HOMBRE
JAIME,4081,4.3,SEVILLA,HOMBRE
ALFONSO,3851,4.1,SEVILLA,HOMBRE
SALVADOR,3788,4.01,SEVILLA,HOMBRE
ANTONIO JESUS,3737,3.9,SEVILLA,HOMBRE
FRANCISCO MANUEL,3623,3.8,SEVILLA,HOMBRE
MARIA JESUS,4875,4.9,SEVILLA,MUJER
MARINA,4812,4.8,SEVILLA,MUJER
JUANA,4803,4.8,SEVILLA,MUJER
MARIA JOSEFA,4771,4.8,SEVILLA,MUJER
PATRICIA,4672,4.7,SEVILLA,MUJER
PILAR,4665,4.7,SEVILLA,MUJER
ESPERANZA,4656,4.7,SEVILLA,MUJER
RAQUEL,4610,4.6,SEVILLA,MUJER
ISABEL MARIA,4603,4.6,SEVILLA,MUJER
MARIA ROSARIO,4539,4.6,SEVILLA,MUJER
ALBA,4510,4.5,SEVILLA,MUJER
BEATRIZ,4483,4.5,SEVILLA,MUJER
RICARDO,,,,
